0.440331617,0.042805226,0.076492645,0.068732801,0.065140715,0.366038236,1
0.069649364,0.030562927,0.063714208,0.014954802,0.124739042,0.435253272,1
0.46895298,0.052593337,0.069525079,0.054016451,0.093704407,0.46584725,1
0.388116342,0.050905683,0.229239248,0.012980691,0.135220295,0.590980521,1
0.07821775,0.049832956,0.054270765,0.084122971,0.13748986,0.355343206,1
0.103409042,0.042732336,0.207545233,0.035439216,0.079473744,0.405799199,1
0.144051311,0.007838646,0.051452951,0.08859659,0.070928669,0.24314484,1
0.456027277,0.005016542,0.040033431,0.074722324,0.1133029,0.526371792,1
0.524917632,0.045713778,0.147211656,0.043309395,0.157344454,0.591173614,1
0.485841197,0.033387808,0.143485862,0.055891399,0.148068958,0.278331404,1
0.076643228,0.037719002,0.243042021,0.06746079,0.120817745,0.290310306,1
0.122166817,0.018366113,0.183117195,0.016997834,0.177546443,0.392779833,1
0.33927291,0.034113078,0.139151541,0.019485951,0.041605547,0.609952646,1
0.199073989,0.026949351,0.111297327,0.070849752,0.010632908,0.425232511,1
0.508737467,0.026408525,0.22882972,0.033281715,0.090121069,0.616198526,1
0.496976415,0.012276079,0.069728451,0.044779445,0.10140518,0.600775551,1
0.535048973,0.037508947,0.114612806,0.019532124,0.074451495,0.36659842,1
0.205246349,0.037802066,0.242800281,0.040527497,0.026416245,0.386616244,1
0.375700815,0.014244499,0.134292631,0.015523265,0.188185295,0.235185172,1
0.407429918,0.028839646,0.095103487,0.010814477,0.121214071,0.655693304,1
0.272989975,0.009959884,0.234131631,0.035307467,0.101265446,0.576767467,1
0.583826017,0.033627774,0.236905812,0.010274615,0.171599855,0.478587183,1
0.498222281,0.032595545,0.111093778,0.077330663,0.051178109,0.567559535,1
0.090443454,0.023403333,0.192330868,0.018949849,0.098263743,0.652607343,1
0.334429487,0.044406993,0.212990069,0.075373235,0.01588444,0.53372028,1
0.501421739,0.038086436,0.090453322,0.065299362,0.137113132,0.577874025,1
0.093871253,0.037473653,0.136377944,0.026143352,0.127000194,0.324352412,1
0.149587213,0.010644348,0.089168917,0.070440358,0.038371914,0.395677557,1
0.456884309,0.049062348,0.15181768,0.08756642,0.126801113,0.487655984,1
0.022017407,0.038075571,0.053694315,0.088246114,0.149915675,0.438400652,1
0.276278511,0.054618976,0.242107621,0.047600074,0.072439763,0.35325598,1
0.180592318,0.037371736,0.156462992,0.025446637,0.114680846,0.456446204,1
0.243052593,0.004671597,0.159945155,0.018598826,0.080362788,0.48369178,1
0.301573702,0.018378876,0.170386106,0.05027146,0.096331873,0.344495218,1
0.21391876,0.038124494,0.121660382,0.078201604,0.053892981,0.318610536,1
0.411470322,0.041933737,0.196949384,0.096576007,0.130912982,0.319987953,1
0.573878021,0.031700017,0.170069492,0.044494973,0.08554823,0.444953847,1
0.493476113,0.05482075,0.076603467,0.033227779,0.069220233,0.392506553,1
0.434059977,0.040972909,0.183047069,0.070624073,0.039112065,0.313580248,1
0.566988286,0.026383146,0.143470434,0.047772801,0.07607252,0.582879878,1
0.372288108,0.01898869,0.068439717,0.065642831,0.023941516,0.397464002,1
0.365773289,0.005693065,0.088196433,0.078177903,0.18223071,0.469744062,1
0.408741601,0.009849829,0.065179193,0.022907993,0.058397255,0.287938447,1
0.291732222,0.024647559,0.040842693,0.08092762,0.180002718,0.253710417,1
0.067169025,0.012777218,0.190493638,0.051805031,0.026795378,0.383618,1
0.234689889,0.050925851,0.10633848,0.082366025,0.10255935,0.238365886,1
0.449818992,0.039324377,0.113709114,0.011477101,0.04582822,0.439791711,1
0.240523568,0.035426357,0.158537884,0.017531546,0.178443903,0.288740659,1
0.561246337,0.009399258,0.082386855,0.06793965,0.104051094,0.365016306,1
0.559033133,0.031737387,0.104787535,0.075046526,0.169268761,0.408014427,1
0.203755844,0.047453009,0.145058152,0.097548365,0.076397379,0.25988124,1
0.168637992,0.025296007,0.084102344,0.035809045,0.182014585,0.279479968,1
0.098036668,0.033071794,0.244252068,0.024515224,0.085708365,0.565284229,1
0.108523372,0.053391971,0.218293936,0.015468726,0.083907118,0.333654431,1
0.466394997,0.024168448,0.102169144,0.06805744,0.18571757,0.625429848,1
0.53926416,0.045490929,0.206266031,0.026536811,0.153834717,0.639821011,1
0.157530245,0.01887766,0.190797146,0.078976379,0.031147655,0.538301203,1
0.511337612,0.014432887,0.216464444,0.095970942,0.060394552,0.255724099,1
0.526388013,0.044102563,0.126009237,0.067697649,0.175051581,0.316819799,1
0.344928381,0.025014992,0.237923549,0.076147069,0.152032578,0.362140526,1
0.526050623,0.010238166,0.140449027,0.043625847,0.160953017,0.384447331,1
0.534174848,0.023219958,0.137066228,0.070591795,0.021814639,0.55394822,1
0.020611944,0.04526603,0.247027682,0.05327871,0.091449779,0.52699502,1
0.164298514,0.019760838,0.143085217,0.074389785,0.029439258,0.407814208,1
0.023450805,0.034387017,0.210844381,0.064191987,0.087458437,0.344163556,1
0.515084557,0.046027662,0.087745532,0.029885648,0.150392903,0.560949327,1
0.130264133,0.054194146,0.048639857,0.017453679,0.011528589,0.437987588,1
0.308958642,0.045276682,0.145670001,0.035794086,0.021371773,0.569794594,1
0.331020584,0.011323349,0.055271898,0.018807967,0.160434653,0.382391931,1
0.539554842,0.03118626,0.243457761,0.039830487,0.082414057,0.419502597,1
0.154370616,0.023899625,0.089489809,0.042796164,0.165347543,0.502433836,1
0.466292202,0.048044731,0.213310832,0.055068927,0.058374705,0.3342325,1
0.024395427,0.026713088,0.150639296,0.019787364,0.017638996,0.659745956,1
0.521572584,0.033635303,0.084279459,0.052129439,0.049240173,0.231961471,1
0.343087039,0.025937987,0.084972171,0.041608588,0.157320833,0.660646901,1
0.401674594,0.034776629,0.24411633,0.026147569,0.036241446,0.31854446,1
0.185547986,0.041728438,0.172761802,0.05142045,0.17075406,0.560271634,1
0.128373579,0.034035866,0.19473627,0.093816813,0.127525617,0.378736413,1
0.354577361,0.01601493,0.076838804,0.032528991,0.170972786,0.596665684,1
0.367230483,0.045629953,0.048720185,0.069249104,0.070194105,0.543348356,1
0.096744737,0.00954601,0.104461802,0.02448824,0.164353763,0.432130955,1
0.14135851,0.034047248,0.19141857,0.027237067,0.086242446,0.295569081,1
0.068077097,0.036217885,0.188453384,0.014251724,0.048888831,0.304987983,1
0.375848273,0.0218239,0.228025409,0.038631694,0.053165555,0.49196999,1
0.297779125,0.010341451,0.135344023,0.08512445,0.142074408,0.419922332,1
0.476305912,0.033678892,0.20208209,0.079274977,0.058727316,0.278497238,1
0.056452438,0.022620537,0.193689534,0.094927909,0.083276587,0.404481629,1
0.20328382,0.037260956,0.170355418,0.080909898,0.156950869,0.355097362,1
0.457457038,0.007730218,0.235343109,0.019777855,0.186149148,0.648487736,1
0.439421061,0.051427929,0.089540624,0.030175237,0.11826418,0.340525157,1
0.039156166,0.040590364,0.049418714,0.057637424,0.137070577,0.471175482,1
0.458794385,0.026491754,0.143666645,0.086915719,0.15305233,0.461233372,1
0.350459189,0.033533368,0.107110058,0.086242083,0.186300379,0.636009129,1
0.110454643,0.045312565,0.142138242,0.061491416,0.12570075,0.530284296,1
0.341284108,0.022438746,0.077630483,0.084812615,0.125676865,0.234133038,1
0.538979591,0.00903622,0.232965251,0.024539992,0.184030837,0.322476184,1
0.3185756,0.010168663,0.218568099,0.013756499,0.089530194,0.496448774,1
0.58435325,0.013305294,0.101921804,0.055665394,0.183534387,0.65693572,1
0.126268669,0.019968002,0.178223626,0.036275272,0.066306487,0.313366788,1
0.534364362,0.013236867,0.108439368,0.02101261,0.171046744,0.650806417,1
0.278303244,0.029544791,0.104899328,0.098429668,0.088186294,0.437977362,1
0.136679388,0.006494205,0.209222767,0.016696766,0.12585369,0.320957632,1
0.264663136,0.041889481,0.15962393,0.058026803,0.135500416,0.636164363,1
0.16181639,0.010608886,0.059582474,0.089905452,0.033524708,0.337094994,1
0.515823572,0.030024135,0.055280405,0.026679433,0.07428805,0.495497853,1
0.465169186,0.016756805,0.19644537,0.028058558,0.13682795,0.42400176,1
0.032735611,0.053692389,0.183943357,0.066148899,0.188016101,0.428412844,1
0.375101581,0.026138146,0.083879433,0.083531279,0.048223633,0.335195487,1
0.120547769,0.033755829,0.066052149,0.012010242,0.18615834,0.471067229,1
0.091038066,0.032583339,0.14909832,0.087805076,0.109754064,0.440093442,1
0.530634423,0.026428638,0.168758657,0.049019813,0.094195028,0.473552428,1
0.435533993,0.037070833,0.202648715,0.099282123,0.164714298,0.572088846,1
0.106636099,0.023358669,0.23796635,0.067085265,0.015721337,0.557221324,1
0.433537506,0.032225892,0.167993441,0.036813101,0.015695461,0.317733753,1
0.282753323,0.043815742,0.231018701,0.027336218,0.135378889,0.641859322,1
0.128249459,0.022708466,0.139076889,0.010959961,0.079001031,0.453704947,1
0.325341239,0.009561823,0.043351862,0.085252831,0.08867127,0.49400722,1
0.234429049,0.044547723,0.181684796,0.087488817,0.095902271,0.33168439,1
0.100180519,0.032749556,0.082158267,0.04870799,0.084349556,0.404342406,1
0.494206925,0.035620463,0.059567667,0.091560837,0.083802019,0.568673594,1
0.231030774,0.045155509,0.073935096,0.026929578,0.12885311,0.653741941,1
0.27778753,0.041029435,0.196105466,0.048294906,0.157099296,0.450988833,1
0.221554039,0.009835123,0.147600497,0.074328522,0.178811639,0.665616077,1
0.489741384,0.013728191,0.136935624,0.067227872,0.147092496,0.486839932,1
0.026529788,0.011841328,0.117526737,0.043643337,0.067310773,0.433988686,1
0.17992239,0.018866831,0.229226161,0.084370701,0.136451143,0.64124073,1
0.0781343,0.019183873,0.063912033,0.04068657,0.122578719,0.519782379,1
0.406241408,0.005859483,0.063408227,0.022241593,0.170812643,0.236717478,1
0.107859583,0.030229025,0.102778653,0.033152477,0.064587307,0.520342378,1
0.053719854,0.013223456,0.053940518,0.041466197,0.010709458,0.537180985,1
0.374546407,0.027842097,0.055787685,0.089478284,0.109183154,0.502553706,1
0.13369711,0.017845087,0.168150228,0.049724961,0.077724203,0.52596549,1
0.048518854,0.02931487,0.127317063,0.094162607,0.013524399,0.235468179,1
0.302829652,0.008812697,0.071315027,0.038786202,0.037662195,0.326391702,1
0.380608913,0.011107357,0.157713948,0.095415347,0.183109129,0.376200624,1
0.083941901,0.042824106,0.084484474,0.030462041,0.150639926,0.264589449,1
0.0913053,0.018399408,0.155736774,0.037722979,0.03796299,0.284182499,1
0.188090415,0.033598025,0.130583766,0.01825988,0.094737945,0.399599981,1
0.416879392,0.022072372,0.046563601,0.088869644,0.163618354,0.535720718,1
0.509762264,0.052369056,0.228518535,0.05908761,0.076272126,0.468678914,1
0.481379914,0.016125202,0.081010571,0.090385254,0.103037144,0.464356473,1
0.125153655,0.042388685,0.131422493,0.064240046,0.073060695,0.385263563,1
0.0953941,0.023591267,0.09616924,0.024447789,0.040769938,0.618785539,1
0.482538011,0.042323591,0.051783383,0.056240305,0.169497999,0.369116853,1
0.222611289,0.035925986,0.160901012,0.03809706,0.060191407,0.3716073,1
0.45845298,0.048963107,0.216821382,0.098798544,0.092100927,0.609596169,1
0.105605991,0.009223619,0.237320996,0.05447622,0.038535134,0.571616581,1
0.358778864,0.013630115,0.11847592,0.038196735,0.043647823,0.604725908,1
0.455631887,0.012299857,0.167084795,0.098031055,0.081378193,0.640938983,1
0.445780033,0.012077966,0.077104584,0.012271803,0.043623347,0.259081007,1
0.139256114,0.007870673,0.173103853,0.066965579,0.145097776,0.593010514,1
0.083217686,0.047413828,0.160449837,0.060013059,0.01498381,0.53907643,1
0.412994207,0.020235415,0.051317168,0.090398938,0.011542175,0.253179364,1
0.432126161,0.035564895,0.176904577,0.03698923,0.143518223,0.638503366,1
0.233094982,0.053894861,0.143284055,0.087567291,0.183593111,0.251690667,1
0.044091689,0.03003301,0.114895594,0.042682105,0.08719696,0.635869679,1
0.165762527,0.010051709,0.175322909,0.069819228,0.057146765,0.594216646,1
0.388561522,0.047109974,0.24291058,0.039089834,0.108820202,0.504198569,1
0.08893786,0.04875477,0.06866026,0.039014589,0.06338013,0.462848206,1
0.136453207,0.018979241,0.141399401,0.077630244,0.102550691,0.254462927,1
0.335202512,0.003118583,0.149303505,0.078595551,0.182433218,0.427390284,1
0.485910472,0.016105931,0.183889014,0.035377282,0.169992436,0.639382377,1
0.057270135,0.007295502,0.162591533,0.026543602,0.073138976,0.366701193,1
0.032769355,0.027213152,0.234362771,0.061139201,0.154868748,0.492584332,1
0.264856467,0.014200117,0.08941901,0.0632578,0.163343387,0.297626353,1
0.412020661,0.043222192,0.190027539,0.058296783,0.086465394,0.594366676,1
0.138591551,0.028991649,0.246293726,0.096101414,0.188036582,0.348552577,1
0.113648438,0.047475802,0.127865479,0.072241762,0.151822014,0.450941643,1
0.163560123,0.048073528,0.196078391,0.097786975,0.165828447,0.273034577,1
0.112928448,0.043319263,0.089815851,0.058095455,0.132506986,0.536680982,1
0.068020317,0.04885624,0.179298462,0.025069545,0.083661291,0.560967388,1
0.567017514,0.007657499,0.200587374,0.076157279,0.032877495,0.535419631,1
0.120235822,0.05241657,0.043560865,0.03185052,0.179129264,0.652811306,1
0.14364166,0.042106093,0.234910961,0.046097044,0.125156556,0.303490648,1
0.206312412,0.008949691,0.041336439,0.044245443,0.078376449,0.453698109,1
0.468010635,0.052966688,0.203036484,0.034457424,0.116223245,0.36536407,1
0.127166013,0.043265012,0.186728539,0.027456943,0.103780199,0.470037629,1
0.234607992,0.047300531,0.055426067,0.084154163,0.059484502,0.562664265,1
0.253995571,0.050678608,0.124317844,0.018487977,0.124059892,0.616686698,1
0.575166844,0.043934312,0.103767282,0.083494135,0.054492642,0.455318973,1
0.433262774,0.036923707,0.151319444,0.07967033,0.072326532,0.560376812,1
0.446962193,0.042100037,0.042340585,0.081961592,0.067469915,0.380035077,1
0.322922485,0.031110577,0.060315393,0.064291427,0.171108161,0.613196903,1
0.588763705,0.049645745,0.157938618,0.069543795,0.039832202,0.477434577,1
0.563017237,0.030601412,0.156979444,0.058193586,0.085430357,0.298899538,1
0.541901413,0.024367538,0.189626557,0.067337168,0.122888633,0.3318071,1
0.042727219,0.053152697,0.139187071,0.073878391,0.174924488,0.317036255,1
0.070179704,0.01292692,0.249385763,0.046671624,0.110426748,0.661046073,1
0.155175132,0.006702697,0.17427451,0.030265797,0.062469208,0.293297095,1
0.557677502,0.005371065,0.187127447,0.055027295,0.090318765,0.464779854,1
0.556377227,0.020222956,0.168993655,0.048129949,0.034403065,0.292606993,1
0.537391592,0.018857141,0.064323977,0.026350922,0.18695073,0.470973391,1
0.310212327,0.040667726,0.111536753,0.029317767,0.020463119,0.573816098,1
0.546829237,0.049625555,0.216046889,0.063393037,0.112174901,0.348320791,1
0.078039337,0.02576623,0.207169021,0.046420315,0.098399369,0.266097688,1
0.215752651,0.044375132,0.069603544,0.040013782,0.074437057,0.342593646,1
0.405441273,0.051269001,0.132741473,0.013891706,0.075197832,0.63679473,1
0.152784858,0.040116767,0.106091408,0.059235564,0.024219072,0.488943727,1
0.035495265,0.004942862,0.057187483,0.052306673,0.15567504,0.570269917,1
0.144261857,0.038648204,0.05694956,0.030487417,0.076790475,0.286701011,1
0.159208476,0.034162094,0.238067325,0.013419106,0.130439479,0.507012395,1
0.518874673,0.036819447,0.147442685,0.083888846,0.149603771,0.390060212,1
0.30208835,0.024947614,0.045285108,0.048927474,0.016303788,0.389114275,1
0.589459884,0.035062878,0.111441853,0.026077642,0.119229569,0.626761714,1
0.306135011,0.00737497,0.16177187,0.030536103,0.121598143,0.289148087,1
0.555234218,0.019488014,0.144890921,0.078936266,0.071220083,0.251628097,1
0.270869559,0.039555524,0.2183956,0.076937864,0.028524355,0.292089114,1
0.220377115,0.020164896,0.161230046,0.071851647,0.018650699,0.667098899,1
0.311521354,0.024156048,0.122917948,0.078895008,0.142398778,0.324148702,1
0.519158101,0.038069295,0.217002315,0.055866832,0.073263734,0.523928743,1
0.240668827,0.02710349,0.045487697,0.021941548,0.015757011,0.479669091,1
0.395534371,0.038147873,0.087876629,0.011522254,0.155954007,0.60820285,1
0.557970976,0.018690908,0.208534435,0.051968948,0.128729915,0.388503535,1
0.023560201,0.045447964,0.21407966,0.035905492,0.151132214,0.40244322,1
0.129196331,0.041417893,0.103166632,0.056209302,0.098013194,0.311093085,1
0.123011201,0.046267488,0.142866931,0.074399868,0.104591262,0.34213303,1
0.025714787,0.021133791,0.169457156,0.06214575,0.182908092,0.263054685,1
0.525605377,0.014668724,0.180452064,0.011438131,0.12496254,0.460210331,1
0.083908318,0.032745086,0.248078369,0.096098928,0.134636174,0.479047355,1
0.460928371,0.017917007,0.131249045,0.017444781,0.038543146,0.34277218,1
0.376274884,0.022828279,0.091617868,0.012190546,0.025843653,0.603872515,1
0.241398695,0.042184095,0.077307346,0.032448189,0.056834421,0.341686561,1
0.186971248,0.027410064,0.216535948,0.031088121,0.184851681,0.476684503,1
0.451576324,0.035607598,0.240701177,0.072913502,0.070065828,0.54545534,1
0.446061818,0.05477133,0.19064013,0.096794673,0.013334866,0.289415699,1
0.292689741,0.023008896,0.072408721,0.034982549,0.09068136,0.398072557,1
0.398204592,0.010220022,0.089007829,0.066626667,0.129147145,0.250280319,1
0.361645421,0.027983206,0.135772421,0.085446835,0.128560915,0.576108711,1
0.154455842,0.017173286,0.0989902,0.027864754,0.15161772,0.32644295,1
0.270234972,0.01190962,0.231339773,0.048100089,0.054482323,0.248360364,1
0.315353076,0.01624393,0.244084636,0.043895411,0.022778054,0.329053095,1
0.26432632,0.020108028,0.204439151,0.012783018,0.027939108,0.629436722,1
0.488105649,0.01028393,0.141447981,0.042587269,0.039118024,0.388762817,1
0.092256032,0.010811727,0.121895687,0.098206358,0.174476833,0.24203383,1
0.444024588,0.020015918,0.13970918,0.024191686,0.187719988,0.621100359,1
0.454702323,0.049937788,0.229951484,0.065498827,0.023347359,0.233361708,1
0.463159927,0.035831076,0.16595053,0.024051198,0.114589109,0.461525528,1
0.485384967,0.016681298,0.09190363,0.039688404,0.146708236,0.497674548,1
0.309828841,0.02675501,0.115370399,0.013151469,0.096898797,0.245373795,1
0.06981617,0.053676869,0.061479624,0.019707241,0.061949051,0.249224536,1
0.450762707,0.052383263,0.147874799,0.063839903,0.16759123,0.493050947,1
0.550901874,0.020698552,0.171776273,0.075186024,0.138590861,0.342776496,1
0.287679132,0.052581546,0.06026888,0.033169688,0.099581674,0.389385717,1
0.051510062,0.027730794,0.085892096,0.056259434,0.076424557,0.339320503,1
0.332932866,0.044163766,0.113182852,0.025373954,0.170726641,0.484350063,1
0.308729916,0.040408252,0.168504579,0.035542071,0.06727301,0.577478117,1
0.105558611,0.034486417,0.080021822,0.095756876,0.027438538,0.384812748,1
0.281242877,0.040542368,0.169001047,0.021802918,0.146482444,0.235553609,1
0.074076438,0.022405867,0.093827129,0.074652818,0.181064465,0.236602165,1
0.032595502,0.030698317,0.090131698,0.073838373,0.075071178,0.339552839,1
0.092423991,0.04497437,0.240656955,0.075881898,0.142011197,0.560125588,1
0.120983334,0.042024869,0.092133149,0.062147759,0.085077433,0.304741253,1
0.421080318,0.038574386,0.168844613,0.063769534,0.090024362,0.433937555,1
0.160858036,0.0383675,0.111606552,0.059005204,0.121188025,0.460162068,1
0.3452206,0.03904228,0.05887712,0.044413156,0.082390799,0.637819955,1
0.528287886,0.010496954,0.182857228,0.02324825,0.115910913,0.430635538,1
0.200477517,0.010329362,0.140087066,0.060642709,0.174599112,0.46177562,1
0.463010796,0.016372736,0.053656665,0.077761099,0.067168269,0.246077165,1
0.071031617,0.035887438,0.188653031,0.05714145,0.021413435,0.239487349,1
0.571916865,0.053627573,0.172077337,0.045162149,0.161212677,0.643397829,1
0.534131613,0.053702635,0.151025238,0.029705519,0.041318265,0.285958356,1
0.053378518,0.025195031,0.160672574,0.092031698,0.035143344,0.259457608,1
0.034898693,0.027665036,0.093972371,0.025351652,0.025541647,0.302662597,1
0.578193178,0.011788098,0.063143608,0.080216214,0.11398147,0.518131348,1
0.378237823,0.01886769,0.04098172,0.060999786,0.064376131,0.269993845,1
0.333922027,0.007584641,0.140928466,0.01377965,0.090829865,0.25940891,1
0.471954557,0.052267334,0.142901318,0.085345469,0.158046951,0.266770139,1
0.051575154,0.0256915,0.089796051,0.012905684,0.16800181,0.274569333,1
0.0764044,0.044202992,0.116071605,0.023493482,0.056700031,0.351107739,1
0.107337422,0.030491922,0.131912435,0.079358222,0.181384403,0.286578201,1
0.290239478,0.015254054,0.066646752,0.045644259,0.138678922,0.409132689,1
0.359044567,0.018663137,0.21778425,0.065999202,0.096447706,0.405120334,1
0.29179396,0.022260602,0.080369053,0.025707351,0.116533451,0.304748441,1
0.089902759,0.00977413,0.23602054,0.049920052,0.038526293,0.395009931,1
0.321005217,0.034145177,0.164081502,0.015131709,0.113445114,0.382611446,1
0.129317635,0.051021442,0.169253942,0.028658255,0.116673162,0.575913772,1
0.463168019,0.017908344,0.067149876,0.084868805,0.179330997,0.261224783,1
0.421662807,0.014824714,0.086797437,0.068536035,0.148621007,0.53212059,1
0.147267934,0.045691665,0.212266308,0.071141545,0.179889849,0.558899771,1
0.184564132,0.005866298,0.075732344,0.033918277,0.040172276,0.489661663,1
0.166115989,0.04301352,0.106823542,0.099264959,0.088214777,0.299106079,1
0.263092493,0.009699957,0.245081398,0.040852522,0.166085843,0.237747939,1
0.187255421,0.043115922,0.041173134,0.029091942,0.039139167,0.415004037,1
0.55738695,0.019853453,0.207279607,0.098980679,0.131835772,0.565478906,1
0.088909959,0.040729816,0.076763334,0.044876042,0.159099815,0.615088611,1
0.377464809,0.011071508,0.102075112,0.034513674,0.159214335,0.496080206,1
0.14466486,0.023690445,0.183513301,0.011790061,0.130236123,0.270165913,1
0.462405737,0.040274398,0.190050478,0.049271791,0.115131615,0.600544621,1
0.507197534,0.034517584,0.09492271,0.072873438,0.085316795,0.555715173,1
0.357394929,0.041973056,0.101307179,0.042726283,0.118646871,0.297916329,1
0.216434587,0.011612073,0.234953705,0.093381875,0.107044379,0.613305138,1
0.572244244,0.041122523,0.06923001,0.027445884,0.130680206,0.322869493,1
0.184605129,0.029879821,0.171093067,0.018672312,0.154751368,0.3220876,1
0.200383798,0.022183867,0.217013968,0.085225291,0.014199691,0.564017044,1
0.537792203,0.052786936,0.076528119,0.043414125,0.171399842,0.39019601,1
0.321086861,0.052469992,0.180443673,0.070872175,0.108857891,0.369538952,1
0.361357042,0.046963056,0.132944724,0.016885643,0.079795147,0.431901094,1
0.570662477,0.051081017,0.045354456,0.03012321,0.070396195,0.662235502,1
0.10504088,0.020006956,0.115625996,0.048887093,0.058546817,0.616122323,1
0.225239862,0.015022899,0.061072686,0.048487265,0.15813866,0.407565851,1
0.080377509,0.003303653,0.055879977,0.047976201,0.068374655,0.545351812,1
0.219828359,0.038743928,0.15793877,0.010723807,0.129243118,0.352726563,1
0.197832024,0.028573434,0.138277012,0.01522027,0.074948553,0.628279127,1
0.072134526,0.038226539,0.237409766,0.045936158,0.144276778,0.51738443,1
0.411877826,0.036894625,0.187842964,0.057803766,0.121809032,0.259437296,1
0.142062716,0.013393852,0.225354201,0.073544782,0.184677143,0.620519845,1
0.166046196,0.015786331,0.142243455,0.068756753,0.072165967,0.592922636,1
0.477054658,0.025620591,0.052003397,0.014107255,0.101457091,0.595261876,1
0.457901646,0.016751627,0.237480824,0.078705996,0.034161163,0.556750208,1
0.162914395,0.043887127,0.202830922,0.050830133,0.013469575,0.289670267,1
0.556812457,0.040832627,0.217885913,0.070193848,0.076190596,0.538441413,1
0.217895729,0.05118945,0.090776237,0.019698402,0.022810854,0.395802135,1
0.063900311,0.01384051,0.226668757,0.019921193,0.101252298,0.331817208,1
0.074811338,0.030321185,0.165353186,0.031019303,0.018787472,0.556142491,1
0.403488805,0.030008155,0.16212952,0.038467966,0.117189323,0.620715636,1
0.519180045,0.019915785,0.053238993,0.029357179,0.124052775,0.515133272,1
0.525992761,0.043979913,0.063783245,0.068017819,0.139790861,0.603204804,1
0.143341344,0.033443017,0.185923898,0.022421574,0.186026604,0.488558768,1
0.083443069,0.037964149,0.077762425,0.015158224,0.010519302,0.516656635,1
0.258851173,0.004050292,0.188851493,0.029344283,0.066226622,0.556770309,1
0.243959204,0.03394476,0.134458081,0.059757257,0.186962249,0.648784563,1
0.529331645,0.017876091,0.143635603,0.078480786,0.184473818,0.275669828,1
0.542614693,0.014115313,0.173654456,0.072088491,0.091930802,0.314285884,1
0.54699042,0.006191157,0.129851839,0.095318109,0.120072233,0.422213597,1
0.123684727,0.016837505,0.077872849,0.083938647,0.093997702,0.37074379,1
0.094638255,0.026527545,0.144312141,0.036697907,0.111020632,0.463823652,1
0.346262001,0.044115442,0.231105305,0.062761315,0.070720093,0.618959823,1
0.145250973,0.049814956,0.211196162,0.034506649,0.109959837,0.518012691,1
0.248028355,0.034505912,0.22542398,0.082353699,0.179812024,0.563225442,1
0.146286915,0.025474133,0.14517036,0.071338474,0.069412766,0.601108858,1
0.376550566,0.015710506,0.183025312,0.090539856,0.072350765,0.344942129,1
0.411662544,0.044091986,0.241476814,0.061522248,0.037646941,0.58191323,1
0.041500758,0.029404571,0.134163299,0.076049448,0.043258572,0.274632687,1
0.181997525,0.038323951,0.135081208,0.029408052,0.152281549,0.354244292,1
0.165751409,0.01315108,0.073209437,0.023948844,0.077626174,0.361619856,1
0.458662237,0.016055211,0.138253953,0.068977582,0.149195591,0.33252184,1
0.077532146,0.049127544,0.236850554,0.097906841,0.026461032,0.613015097,1
0.166323378,0.029041493,0.062669071,0.036913891,0.051040706,0.405095728,1
0.561605226,0.044614537,0.107887894,0.084391343,0.024970034,0.40907437,1
0.073091109,0.029538464,0.140679773,0.025334257,0.160772485,0.6396438,1
0.381278235,0.018945044,0.093414541,0.024669826,0.043354091,0.603389617,1
0.092802731,0.025660733,0.214811513,0.038222718,0.112270102,0.322414206,1
0.067161346,0.041162962,0.074597821,0.012559026,0.048891329,0.548276881,1
0.327661788,0.018594678,0.109277599,0.022726264,0.113605752,0.401827493,1
0.452414547,0.041832469,0.052570497,0.049508177,0.062428857,0.238698549,1
0.032553237,0.022497185,0.18025174,0.024308731,0.102942266,0.384991194,1
0.363962134,0.012574606,0.23098551,0.029126803,0.069779871,0.594476946,1
0.312362801,0.019116619,0.10017538,0.071937556,0.054177934,0.340822126,1
0.107585974,0.05425817,0.115999424,0.076484279,0.062914572,0.301364109,1
0.089158449,0.04172463,0.181282927,0.023742576,0.111850366,0.653550162,1
0.526998558,0.047564629,0.235366695,0.012701403,0.085145283,0.488421419,1
0.118821645,0.009702825,0.069749686,0.075638705,0.172206171,0.548827228,1
0.21531927,0.031607039,0.170307577,0.040926731,0.050704099,0.332760794,1
0.424989952,0.005398799,0.221501947,0.027250324,0.027159914,0.454280814,1
0.184403081,0.0428032,0.069409655,0.061490944,0.019151453,0.58197088,1
0.377007314,0.016910163,0.219693502,0.089966286,0.083843267,0.246121109,1
0.557559916,0.00848939,0.19293009,0.099824015,0.165573996,0.611306674,1
0.396046985,0.025734951,0.065202966,0.068203516,0.082984788,0.583637725,1
0.191839344,0.01334455,0.190118043,0.033910023,0.05999973,0.567273485,1
0.550335291,0.03451078,0.19170054,0.035936627,0.130437705,0.597204944,1
0.213440608,0.008292585,0.048443949,0.044268743,0.160139784,0.514798519,1
0.57736285,0.044113459,0.054158399,0.014441214,0.031318787,0.361210094,1
0.074968709,0.037547986,0.168800872,0.073749421,0.187784978,0.576982935,1
0.49847619,0.049010961,0.09708154,0.041043235,0.134371577,0.621206741,1
0.4238876,0.037655219,0.206109592,0.040068467,0.065043085,0.474519842,1
0.488493757,0.011638031,0.050733832,0.092306297,0.156080588,0.395482275,1
0.557681003,0.038082273,0.118328756,0.0890202,0.18162296,0.334662772,1
0.166711424,0.008257374,0.125823083,0.027036072,0.114559918,0.415062768,1
0.062610238,0.034827797,0.042616743,0.048466394,0.1305523,0.266521311,1
0.274375313,0.046049101,0.138846563,0.068379675,0.014764961,0.499726648,1
0.417813802,0.017437195,0.089925829,0.042915416,0.08244509,0.354429716,1
0.150214364,0.0462822,0.24643049,0.049204912,0.025890437,0.496642286,1
0.043993792,0.006063212,0.172150027,0.043080234,0.021794988,0.580296335,1
0.065164497,0.013455992,0.129162615,0.057647513,0.082870173,0.575066583,1
0.268202095,0.019672146,0.185245794,0.064233721,0.156026546,0.560163378,1
0.345003023,0.03858344,0.220788241,0.087662294,0.187520687,0.511518705,1
0.069633981,0.047190288,0.111414822,0.065354553,0.177207597,0.43844322,1
0.416501165,0.034389939,0.068693207,0.055350289,0.163813675,0.534294464,1
0.551571693,0.021007924,0.208335263,0.027436334,0.103692794,0.296840954,1
0.281452545,0.053238578,0.178647947,0.02121014,0.028016,0.459305736,1
0.109054982,0.026919053,0.119779609,0.091871011,0.051769713,0.320918772,1
0.191610508,0.034276324,0.058995682,0.029232295,0.142585305,0.285079662,1
0.489398038,0.036542471,0.138546499,0.010956898,0.050022756,0.37078898,1
0.493243398,0.039043534,0.247312641,0.067026189,0.138032911,0.367180979,1
0.392641451,0.054332361,0.080974892,0.014882336,0.13857611,0.529124442,1
0.444478382,0.018218582,0.055204328,0.05924759,0.155668722,0.408680978,1
0.188059308,0.009426822,0.22139494,0.065890849,0.158477106,0.507836155,1
0.226278221,0.04138483,0.156374774,0.085510867,0.170950609,0.594992813,1
0.459778406,0.041713745,0.241272263,0.054372711,0.027314105,0.237533923,1
0.534699608,0.020071791,0.112117333,0.01933817,0.048970445,0.448020877,1
0.217390873,0.011811239,0.060743815,0.054196707,0.148419824,0.541394547,1
0.275282571,0.010008101,0.16630345,0.036342086,0.136718995,0.294263353,1
0.420982639,0.029705905,0.073910615,0.022001117,0.098294281,0.510695873,1
0.080393603,0.019502925,0.068082021,0.024391503,0.074767251,0.639211356,1
0.540735169,0.050189309,0.145782346,0.053026328,0.085908623,0.274638795,1
0.588318854,0.047013256,0.248061222,0.026749228,0.138712211,0.648908517,1
0.534390794,0.005175235,0.04526576,0.039616842,0.158310705,0.38965577,1
0.237314297,0.042703822,0.065367923,0.02969729,0.075007963,0.413919597,1
0.318760281,0.037724835,0.110117394,0.011487103,0.049815984,0.594678566,1
0.4474046,0.01932456,0.043315109,0.027157172,0.097973051,0.478587652,1
0.315127646,0.004126889,0.073546277,0.099443362,0.179754734,0.336787896,1
0.054561537,0.049691994,0.052608987,0.097107095,0.166512821,0.340836982,1
0.587361335,0.004218901,0.073041985,0.068344174,0.056951198,0.469469461,1
0.043564945,0.039565785,0.122911749,0.025182833,0.075142569,0.538242979,1
0.426640087,0.053524815,0.06503707,0.019987052,0.082785388,0.668425752,1
0.45425842,0.015385852,0.056302278,0.082411245,0.121643152,0.587775794,1
0.150255134,0.051745049,0.219777192,0.043892096,0.019915954,0.421937557,1
0.201158177,0.031386859,0.171413304,0.061450143,0.045166673,0.650644422,1
0.382153569,0.050796757,0.205444633,0.052067223,0.046287394,0.40027123,1
0.049156613,0.046477826,0.234269762,0.020226726,0.089837189,0.55920931,1
0.395007197,0.016087867,0.067966875,0.055311251,0.061949556,0.477729512,1
0.20370643,0.041339331,0.075368168,0.062046999,0.159220598,0.508061092,1
0.586766556,0.041880239,0.131471086,0.035429523,0.110871376,0.348767415,1
0.195749555,0.054682231,0.096717555,0.046679912,0.152865582,0.554676616,1
0.083715839,0.017073264,0.166754666,0.092583037,0.127013848,0.283991786,1
0.128298763,0.008831226,0.182531011,0.093768452,0.158524512,0.503677366,1
0.075932359,0.036483952,0.062706847,0.068013295,0.076737759,0.350157841,1
0.086289832,0.025727158,0.078928204,0.046534342,0.019446009,0.559527706,1
0.039085667,0.03944333,0.214507245,0.089960692,0.100154015,0.303958011,1
0.277520204,0.05223284,0.09704317,0.015823377,0.096312331,0.594827021,1
0.072712998,0.036632636,0.127746444,0.050038037,0.177497069,0.425263667,1
0.528126915,0.039155663,0.247107777,0.089996992,0.085572721,0.530585687,1
0.352281043,0.028770821,0.159039385,0.06965127,0.144465726,0.600696843,1
0.155354117,0.047772856,0.171939116,0.029505388,0.050828647,0.434959366,1
0.261905883,0.04650138,0.188112578,0.061150486,0.038428106,0.373344545,1
0.352716535,0.048429193,0.183232815,0.049677919,0.023772551,0.24763509,1
0.31881641,0.006455214,0.068173182,0.087048679,0.058825413,0.59431441,1
0.170610733,0.032292089,0.106370436,0.05053611,0.174383841,0.602752001,1
0.505754088,0.00799302,0.087052616,0.013953853,0.140838462,0.435790851,1
0.107265659,0.054376379,0.155675067,0.051043304,0.132237018,0.258982111,1
0.07003928,0.033490668,0.152449888,0.041017272,0.067130483,0.328636742,1
0.36032391,0.0395304,0.141342422,0.042982832,0.105914522,0.3953982,1
0.070769478,0.015539493,0.232593112,0.047899745,0.017800911,0.387145774,1
0.22554181,0.009647826,0.08491504,0.06718673,0.108470172,0.525696433,1
0.394451824,0.047623919,0.206107535,0.031437715,0.011274575,0.464535916,1
0.076290882,0.020992141,0.10599315,0.040001969,0.132439123,0.276523415,1
0.031995013,0.054918769,0.059977528,0.07904697,0.10301667,0.409747365,1
0.265362581,0.005216438,0.191256218,0.047914289,0.179053305,0.560475719,1
0.541705134,0.049694136,0.235086861,0.022468212,0.10645307,0.375408412,1
0.382875068,0.054267589,0.223035861,0.011907256,0.127904159,0.662592469,1
0.235681893,0.022525855,0.080313007,0.010886045,0.150212759,0.619560145,1
0.176999744,0.047586834,0.183493749,0.090562081,0.13020722,0.339806546,1
0.476963316,0.027604824,0.243981424,0.066383075,0.053428811,0.230320147,1
0.081420558,0.044103102,0.079853956,0.06040688,0.056295997,0.419603941,1
0.128114889,0.017857325,0.087622765,0.047198872,0.181088654,0.630417746,1
0.337534995,0.022151595,0.240451887,0.087775142,0.181763602,0.383295641,1
0.153558483,0.017694379,0.162478989,0.04848951,0.135800755,0.232638087,1
0.20932984,0.026716541,0.042255012,0.052580255,0.063784182,0.463458016,1
0.458266939,0.028824027,0.138989396,0.018240723,0.086883598,0.411020442,1
0.353750149,0.041753394,0.117466176,0.060377523,0.124811639,0.281844661,1
0.061596432,0.020629381,0.174910083,0.095266553,0.070436782,0.252639525,1
0.200535074,0.040872933,0.149061366,0.017620494,0.119536524,0.515421435,1
0.144035103,0.02090519,0.161527878,0.034699196,0.141744332,0.235224201,1
0.366336619,0.030900787,0.193967439,0.067063296,0.045763718,0.408513786,1
0.359644678,0.013335072,0.056658875,0.022837993,0.147413315,0.323541814,1
0.585496283,0.03205435,0.073255509,0.036803041,0.093469098,0.306873883,1
0.181900032,0.029072532,0.147424416,0.095657552,0.131881365,0.66258573,1
0.26009455,0.043791978,0.064484224,0.033850863,0.122501256,0.473762507,1
0.183713629,0.025025635,0.245897208,0.091393209,0.137343449,0.248595138,1
0.583110392,0.028431567,0.155194486,0.024860433,0.077174521,0.548527035,1
0.499667664,0.016188341,0.100799137,0.051193193,0.06643683,0.51574283,1
0.043891841,0.048625199,0.186044971,0.018838709,0.064444673,0.434284072,1
0.098633613,0.015849137,0.075311682,0.048681978,0.044018548,0.608600234,1
0.505484817,0.030389966,0.04614926,0.09822953,0.108994898,0.371263868,1
0.486465264,0.04780085,0.078235476,0.049451244,0.148441922,0.555059825,1
0.281223934,0.01487084,0.16969418,0.03336492,0.113223161,0.29356443,1
0.243405786,0.032167744,0.116316762,0.080949241,0.021388562,0.393126047,1
0.472507322,0.050590839,0.107946451,0.080984703,0.053488168,0.36185247,1
0.07046851,0.003696568,0.125701138,0.014382392,0.134601754,0.629740203,1
0.333041922,0.016502012,0.197865396,0.05581668,0.160398909,0.398597964,1
0.151964047,0.016854861,0.178114511,0.014048297,0.138010141,0.473553235,1
0.583901279,0.051346402,0.15124783,0.041299118,0.043364345,0.632278717,1
0.378476051,0.012263936,0.097787111,0.051234358,0.034296484,0.234125069,1
0.563309626,0.008956956,0.159061646,0.040351333,0.019114586,0.246372545,1
0.096348202,0.039702159,0.23521339,0.056257726,0.088211298,0.566600476,1
0.44987861,0.031508228,0.129459755,0.017560141,0.134846008,0.325726627,1
0.304412644,0.054072727,0.123735411,0.024013197,0.085890622,0.290501652,1
0.566190866,0.03787986,0.120601733,0.035729833,0.101172735,0.351486157,1
0.211534645,0.049915041,0.153805529,0.042281465,0.087044533,0.600208936,1
0.074195217,0.034798622,0.146878313,0.077197691,0.183863922,0.629545232,1
0.17406469,0.010180363,0.09133115,0.063088122,0.11883578,0.335729192,1
0.399337133,0.035448495,0.229878832,0.082436082,0.152581409,0.247499394,1
0.426304875,0.044361342,0.121536441,0.070004732,0.13316793,0.299236716,1
0.033153993,0.034628979,0.084834379,0.02448967,0.01362952,0.446362355,1
0.528119965,0.040287771,0.084783213,0.079684016,0.157181778,0.285944737,1
0.412207185,0.047154575,0.155490785,0.096479098,0.149664345,0.35955467,1
0.027902618,0.036041968,0.183359982,0.020871481,0.014258883,0.568860778,1
0.155811528,0.05197883,0.19005738,0.049129676,0.138456753,0.471347419,1
0.464931153,0.012982093,0.190252235,0.07777972,0.037551921,0.425331173,1
0.393310402,0.00935777,0.223115537,0.023577644,0.015872542,0.665571636,1
0.50878938,0.029968962,0.108837221,0.076608452,0.138836353,0.612680773,1
0.309931337,0.030200655,0.240534292,0.089774951,0.014352066,0.57467977,1
0.307646042,0.013130525,0.178538776,0.097921285,0.015298551,0.636986447,1
0.105985249,0.003423209,0.047348511,0.040687636,0.046198174,0.374382092,1
0.273632123,0.052786196,0.120065433,0.07700588,0.169452242,0.636771555,1
0.32394066,0.04008226,0.041926709,0.071586625,0.133262436,0.321793699,1
0.459994434,0.025825074,0.125336367,0.046679579,0.012688136,0.234248381,1
0.097208933,0.039234254,0.08868039,0.026393516,0.101373876,0.43338036,1
0.215959947,0.0471938,0.073875138,0.033371119,0.14720599,0.628021354,1
0.341887009,0.03614772,0.201297523,0.038671308,0.109106965,0.530932605,1
0.040621847,0.018981719,0.079118127,0.024362594,0.126953774,0.260983022,1
0.055143777,0.019750671,0.089454916,0.056521086,0.185583719,0.576877794,1
0.549292411,0.026895423,0.107932818,0.097805242,0.136786922,0.388503198,1
0.113435924,0.051860984,0.193967016,0.07086972,0.066018583,0.507525016,1
0.563923246,0.012054966,0.166297167,0.047639168,0.081827551,0.588410223,1
0.192788786,0.054623246,0.223515214,0.037672799,0.188235395,0.275347421,1
0.357120377,0.016786704,0.170875552,0.052418443,0.135890411,0.355245942,1
0.299037368,0.028897478,0.092731314,0.036440105,0.038473557,0.330289704,1
0.29664439,0.018817326,0.065542608,0.090357238,0.144943792,0.322125623,1
0.521664931,0.019205815,0.196792541,0.093752742,0.146127068,0.379369254,1
0.142913424,0.0370443,0.213489942,0.033484467,0.070456955,0.492680021,1
0.23491608,0.040606417,0.112625084,0.023090539,0.082077327,0.276685017,1
0.12146524,0.020900022,0.044552399,0.03577115,0.066815585,0.66041874,1
0.090687776,0.031285053,0.15574962,0.056313048,0.030813243,0.642824866,1
0.075390246,0.031809124,0.174934475,0.052408582,0.040944767,0.299507382,1
0.505130415,0.039426353,0.088943612,0.092378318,0.077367415,0.351956265,1
0.439695905,0.029345249,0.049417487,0.031090426,0.082180561,0.343890229,1
0.346007758,0.006605512,0.201214092,0.057937883,0.101115562,0.300059781,1
0.315442662,0.019359867,0.113861524,0.016419503,0.090679109,0.58964369,1
0.391897217,0.049883435,0.188169836,0.037042697,0.080744643,0.590005451,1
0.10779695,0.047938193,0.228101294,0.020913479,0.113585249,0.34433233,1
0.458910048,0.052251222,0.043673354,0.065227309,0.05650386,0.468747634,1
0.578512499,0.032619828,0.195707061,0.078404897,0.066017487,0.417780261,1
0.52994346,0.048845574,0.192007581,0.07105543,0.013403137,0.53556375,1
0.569629242,0.027676505,0.192645743,0.013179771,0.071143181,0.290699531,1
0.48412416,0.012376874,0.159154038,0.015519703,0.169266711,0.446163489,1
0.486379656,0.004846017,0.124060842,0.080728783,0.117381661,0.384991054,1
0.125607755,0.008439773,0.248550181,0.092594562,0.024171539,0.616338451,1
0.042477298,0.032926269,0.24935235,0.070674336,0.015717805,0.252814032,1
0.370097483,0.052772008,0.080150751,0.03765918,0.151977272,0.256695596,1
0.372760966,0.047580312,0.076583139,0.041585856,0.029699378,0.575307458,1
0.370439265,0.019987439,0.140023785,0.026726103,0.169034908,0.612635907,1
0.047650728,0.048502489,0.056747715,0.045403237,0.117739386,0.385277352,1
0.581718204,0.029351865,0.22268608,0.091644413,0.067771459,0.305438008,1
0.501531913,0.005241762,0.087127295,0.012485453,0.046329987,0.322180438,1
0.284036949,0.029378624,0.062985428,0.088320719,0.149494448,0.399472152,1
0.406701692,0.052623815,0.173506152,0.025549895,0.15538184,0.296371166,1
0.50510896,0.04789319,0.128003664,0.057080884,0.172401876,0.388241686,1
0.26807928,0.051201456,0.080472553,0.016799041,0.071475029,0.384554789,1
0.216601703,0.050179894,0.143393218,0.038161519,0.18477202,0.483526573,1
0.559015718,0.0434109,0.215210641,0.03890713,0.124690412,0.515282971,1
0.259069626,0.052838388,0.063656467,0.052964292,0.049818751,0.400142271,1
0.292316625,0.020185556,0.131192602,0.041010657,0.154099404,0.493228388,1
0.064570151,0.026690309,0.072553761,0.085706397,0.188217742,0.516710942,1
0.53957158,0.051931594,0.12564538,0.079762494,0.151605276,0.479744389,1
0.158580184,0.028394022,0.081289398,0.0112987,0.138284174,0.240201703,1
0.439558886,0.012235499,0.065693563,0.066386178,0.0213888,0.346750338,1
0.336772451,0.013237431,0.234284712,0.044793715,0.144513374,0.301535945,1
0.194029024,0.028616216,0.219477607,0.060120749,0.071424702,0.276998114,1
0.176108522,0.053223759,0.054724657,0.079734556,0.141315785,0.333833185,1
0.308686819,0.036373579,0.197079472,0.097202942,0.010522233,0.551394405,1
0.096247896,0.021150913,0.195645033,0.034139172,0.062769371,0.402674866,1
0.343949777,0.011143006,0.198699072,0.064620066,0.150182018,0.582153175,1
0.051096686,0.05016,0.091677478,0.034806473,0.017126782,0.550493424,1
0.073299857,0.008671973,0.128400728,0.080137172,0.154010995,0.641324686,1
0.444273227,0.027653016,0.144978777,0.061445051,0.060565466,0.522344122,1
0.368172993,0.012725217,0.101518676,0.024585583,0.02119145,0.508972957,1
0.51205193,0.019344475,0.152267508,0.075991374,0.11225594,0.508714087,1
0.206431679,0.042086347,0.115842467,0.034812911,0.126776582,0.602908214,1
0.409658287,0.031532619,0.189219178,0.018295049,0.076424565,0.400687525,1
0.240629434,0.048530228,0.092187242,0.089985682,0.053310781,0.450349184,1
0.066992187,0.039957889,0.206244169,0.09784458,0.071799451,0.301596241,1
0.238933497,0.042069133,0.079609003,0.092562187,0.180853796,0.271370164,1
0.384625598,0.041208259,0.226379925,0.084331987,0.154754485,0.476746161,1
0.234396039,0.049004155,0.190020374,0.029850647,0.098040998,0.506489609,1
0.301082882,0.030904773,0.149610432,0.0422463,0.04497617,0.552575028,1
0.308973854,0.053760504,0.175041335,0.050930243,0.122899154,0.654386821,1
0.286948665,0.05414616,0.062746835,0.021996511,0.011192805,0.558560019,1
0.49799658,0.007461758,0.197091749,0.04353895,0.076167554,0.513390452,1
0.078549999,0.013586168,0.1675357,0.039883351,0.083566216,0.32561652,1
0.084716848,0.019489922,0.080968031,0.062877771,0.124704353,0.494763785,1
0.536081854,0.049062538,0.09167842,0.039427328,0.164013656,0.334455097,1
0.535593158,0.042907116,0.233524597,0.057904819,0.079404169,0.590668299,1
0.370505718,0.02179997,0.102655986,0.015684968,0.122594289,0.375983992,1
0.220112236,0.04134688,0.133646616,0.046350738,0.186775095,0.595878478,1
0.581801662,0.023302749,0.243130142,0.081536595,0.054074602,0.5675269,1
0.18387419,0.026527553,0.129068012,0.080304803,0.173154006,0.611973449,1
0.395584696,0.029293893,0.073435946,0.050122077,0.181248132,0.432055276,1
0.313732217,0.039135623,0.12656366,0.097273949,0.050092498,0.488990824,1
0.48177841,0.019678076,0.092075892,0.015480476,0.01220137,0.324604488,1
0.356252174,0.041360934,0.217940308,0.065596044,0.098759471,0.32514602,1
0.043439874,0.024180848,0.241234057,0.013947692,0.136353001,0.269758791,1
0.166563207,0.052989177,0.045683354,0.089469881,0.056173627,0.326054037,1
0.44587355,0.036277826,0.156688618,0.092771627,0.092665688,0.63097132,1
0.372748231,0.046056466,0.17690662,0.092807415,0.010954774,0.62729042,1
0.089724338,0.032375609,0.187645439,0.012190341,0.06961973,0.610813152,1
0.250762778,0.04816381,0.16167304,0.094902562,0.053548212,0.510507815,1
0.225663554,0.030428572,0.130712879,0.085716403,0.08496864,0.659146795,1
0.266724622,0.020873426,0.077145949,0.097472903,0.013130941,0.348257459,1
0.373447941,0.033267179,0.238886329,0.069385973,0.07243807,0.488639695,1
0.02916427,0.030406199,0.230716518,0.020073019,0.100948795,0.654901103,1
0.021775964,0.019543476,0.208397062,0.029038537,0.063845645,0.49919972,1
0.50142383,0.012517769,0.173744411,0.029492424,0.126596848,0.626012414,1
0.413842372,0.049699293,0.19749955,0.042782225,0.13532747,0.49611532,1
0.339013088,0.049394139,0.098710143,0.080432607,0.069349693,0.458886168,1
0.101409336,0.036715338,0.148866578,0.08768384,0.074309331,0.456218283,1
0.247638743,0.045500703,0.191519143,0.075141782,0.054388197,0.665005763,1
0.165285745,0.005183553,0.153863684,0.081080932,0.139618823,0.640922629,1
0.548658415,0.049733338,0.085083446,0.032848954,0.084683058,0.367159933,1
0.241314564,0.025900679,0.228357483,0.061188399,0.070838659,0.510526843,1
0.150240794,0.021240412,0.049146096,0.071487402,0.01474974,0.578729586,1
0.522612926,0.047275779,0.168395513,0.065708825,0.049898809,0.432394297,1
0.312730985,0.027690412,0.084023014,0.05898809,0.171406533,0.431194015,1
0.537893535,0.045830429,0.170121423,0.043581803,0.024946489,0.428175526,1
0.417310326,0.005511879,0.20799798,0.050494281,0.151651667,0.498323761,1
0.095008799,0.017032106,0.218873189,0.033092629,0.092955291,0.299421652,1
0.520512649,0.051324201,0.11300362,0.02113531,0.019549895,0.560708996,1
0.051338753,0.017485657,0.198398461,0.044654047,0.098176199,0.638874636,1
0.491079686,0.02240535,0.126262958,0.042355247,0.187315574,0.438311713,1
0.314423689,0.016188003,0.221314091,0.078338528,0.106873898,0.329548214,1
0.040700141,0.024971085,0.079017811,0.017173736,0.138208395,0.281887373,1
0.24278126,0.050819692,0.06967942,0.063294622,0.045486846,0.624357604,1
0.154481323,0.050026309,0.083763693,0.038061582,0.119480933,0.49882248,1
0.343869995,0.054603366,0.125669909,0.044872418,0.018132845,0.514862227,1
0.50281643,0.027230038,0.153834781,0.06106264,0.07752189,0.614313794,1
0.576071354,0.052689122,0.086165877,0.084875878,0.187161199,0.281445378,1
0.450380032,0.053689208,0.062000043,0.05705811,0.079597326,0.502431692,1
0.170528933,0.033066784,0.208367288,0.054671558,0.034778099,0.25659319,1
0.137750775,0.022187339,0.111176758,0.034239532,0.044103522,0.259823406,1
0.161253179,0.046168499,0.161971744,0.062283952,0.098146969,0.570165994,1
0.488397206,0.003737738,0.105796296,0.091709018,0.070397387,0.243012315,1
0.084698209,0.042052919,0.213646315,0.032192901,0.095406133,0.472796025,1
0.583435384,0.040397846,0.122512929,0.057777729,0.142967734,0.299018714,1
0.446829343,0.01367026,0.134729571,0.085997615,0.17964988,0.293570582,1
0.291797459,0.05274315,0.121016879,0.083633608,0.160889916,0.311396653,1
0.202201081,0.013192435,0.05717578,0.020975854,0.093466669,0.491602166,1
0.366612803,0.0434581,0.135045754,0.055477338,0.18492663,0.433237893,1
0.323369762,0.003214214,0.085454176,0.020339329,0.108054936,0.626038684,1
0.193239031,0.043992628,0.144125002,0.07946803,0.059236147,0.389401437,1
0.431870718,0.012455903,0.158163495,0.099170145,0.120182562,0.57990799,1
0.214343122,0.008713096,0.163531639,0.051424849,0.062163261,0.63993673,1
0.295712659,0.05048539,0.112642221,0.033539054,0.090038914,0.609056466,1
0.557503269,0.007625394,0.204697165,0.09929176,0.01176458,0.433780321,1
0.318363553,0.052029812,0.20192521,0.097527693,0.113426516,0.26929566,1
0.16035768,0.003098603,0.132454976,0.065120613,0.148202039,0.36799119,1
0.43160361,0.053999386,0.086108981,0.034325116,0.158450511,0.248268949,1
0.495484154,0.00306727,0.128757845,0.096811259,0.051948372,0.576782405,1
0.286345479,0.052864059,0.070591225,0.053047678,0.149584631,0.462320123,1
0.10726745,0.04803121,0.218565185,0.058036227,0.102471428,0.666752524,1
0.053593733,0.052069706,0.156155912,0.058555923,0.052225106,0.636886232,1
0.273130254,0.021714376,0.14360676,0.077489923,0.177973063,0.464157727,1
0.070854113,0.02804335,0.140833011,0.064977373,0.014757082,0.509346421,1
0.263276283,0.031434806,0.109838353,0.083016559,0.152991248,0.242148352,1
0.316828538,0.045086541,0.117705269,0.041674151,0.04705746,0.385403925,1
0.477044283,0.027021247,0.156413047,0.062098549,0.176676781,0.562761856,1
0.195536131,0.051346015,0.080504166,0.066824018,0.010712209,0.543928098,1
0.175445557,0.026142195,0.143200767,0.040664846,0.023550057,0.506629245,1
0.037203102,0.03186162,0.227562097,0.070325215,0.103701634,0.434819802,1
0.42951608,0.013272248,0.141709196,0.019056677,0.09637787,0.56923809,1
0.148450504,0.02015549,0.204089167,0.078073519,0.04958156,0.499382329,1
0.031609815,0.005037072,0.044269945,0.041361512,0.092665561,0.490068814,1
0.538169423,0.040132448,0.133941068,0.070220986,0.0266407,0.308113956,1
0.520889042,0.030317068,0.245934552,0.069393828,0.050323844,0.652919794,1
0.165413328,0.051819178,0.10505643,0.081510702,0.029053229,0.306693644,1
0.240491761,0.01657793,0.242943107,0.018295745,0.102131844,0.437946088,1
0.430216133,0.053487433,0.244558227,0.026446281,0.100576382,0.410038461,1
0.389526106,0.024707249,0.192591214,0.050608595,0.152946726,0.661761087,1
0.054537066,0.039490068,0.044602574,0.087643951,0.175246688,0.517171792,1
0.279164957,0.047678159,0.075011674,0.022802158,0.111212002,0.339334828,1
0.318832942,0.020306539,0.154484386,0.031034888,0.111524989,0.443407153,1
0.028817643,0.04013545,0.211008106,0.040976404,0.074945336,0.550731932,1
0.514487871,0.033382057,0.075531323,0.018918161,0.167227098,0.585691703,1
0.129476861,0.030767975,0.18754501,0.01978809,0.107708729,0.4417666,1
0.28396622,0.03942216,0.198053967,0.08077313,0.162784642,0.519743696,1
0.548257678,0.004223394,0.130123125,0.073458249,0.040531238,0.297868919,1
0.233973575,0.0430991,0.21431959,0.090529065,0.012708796,0.559726361,1
0.235584734,0.030767517,0.231904799,0.088828706,0.107200923,0.610719366,1
0.054099135,0.043212181,0.162600185,0.057218746,0.152637883,0.63140102,1
0.378312929,0.043171292,0.050922114,0.025351512,0.098907928,0.3890724,1
0.057274979,0.020231528,0.181717654,0.099935092,0.150687177,0.363835332,1
0.112189512,0.04447568,0.229885,0.019630166,0.146794478,0.533055724,1
0.487469826,0.0548141,0.050479598,0.017292995,0.056089184,0.467672419,1
0.346671129,0.023187599,0.235778476,0.05060732,0.141526198,0.57544811,1
0.068579049,0.028000153,0.114257667,0.074454451,0.06997681,0.346918144,1
0.541919547,0.021969166,0.159095918,0.097523136,0.110142836,0.536388174,1
0.243597764,0.031872959,0.117175176,0.031566786,0.019334893,0.354981461,1
0.58801914,0.009932712,0.041414257,0.014097143,0.179387849,0.457380122,1
0.433956714,0.051179236,0.163279759,0.051365792,0.116036594,0.584444158,1
0.055965506,0.032508449,0.211087374,0.017533731,0.010642629,0.36139352,1
0.529111049,0.048910129,0.206027862,0.048108997,0.027130632,0.661217276,1
0.085154014,0.028316012,0.055008344,0.063574817,0.151241159,0.345313185,1
0.482746453,0.024039332,0.096395648,0.05985654,0.045453309,0.596299897,1
0.420146659,0.013371134,0.111501137,0.010149434,0.032246775,0.330934699,1
0.156181869,0.050209623,0.236731028,0.031958288,0.126264192,0.651053294,1
0.165773822,0.006208504,0.044872212,0.085448384,0.099956432,0.645236173,1
0.410211794,0.022476089,0.244844579,0.08413172,0.185949828,0.315943861,1
0.163692043,0.038161522,0.185816741,0.052444277,0.011245263,0.479592614,1
0.03705052,0.018042048,0.19350938,0.030953683,0.110555055,0.524179606,1
0.322444728,0.052897075,0.167904248,0.020908226,0.079465492,0.300158833,1
0.091577833,0.030435031,0.104031695,0.052271764,0.131185407,0.275269983,1
0.517985716,0.017003462,0.215944487,0.044962459,0.096331349,0.650949979,1
0.58643562,0.008448518,0.133993668,0.045005698,0.062398958,0.331919595,1
0.139875814,0.01468964,0.239364996,0.056458833,0.099874834,0.532531151,1
0.064248039,0.004680001,0.214933602,0.016537392,0.038183911,0.254982009,1
0.042468311,0.046553468,0.055384759,0.044316087,0.14742603,0.62178952,1
0.328601646,0.006670454,0.130144484,0.012911958,0.130090654,0.315175464,1
0.439202321,0.020124228,0.123133617,0.021671857,0.174914667,0.610031221,1
0.586296999,0.031583254,0.060796839,0.077880888,0.092147261,0.315192149,1
0.309798268,0.03824696,0.158788181,0.064402792,0.105195734,0.45356134,1
0.49799186,0.006616049,0.219199331,0.060646585,0.189014437,0.371701586,1
0.309518437,0.015642039,0.055683965,0.034463589,0.044330794,0.554097292,1
0.122082093,0.049017882,0.225483008,0.070144798,0.010867913,0.296872699,1
0.477031535,0.05350445,0.086224574,0.089504897,0.074113792,0.493572173,1
0.489202798,0.037408272,0.139344576,0.085233924,0.108295289,0.654636063,1
0.049991931,0.017846592,0.140470781,0.039456393,0.1814516,0.512055598,1
0.293665313,0.021588453,0.223214376,0.038252857,0.085814673,0.31554399,1
0.24586951,0.009048667,0.155065105,0.025522152,0.0922174,0.244330722,1
0.127604764,0.00516133,0.160020665,0.018920522,0.153180866,0.430502485,1
0.228170965,0.019778171,0.201412559,0.085212002,0.049917573,0.618071725,1
0.157378598,0.053211357,0.041314991,0.037871707,0.083272206,0.471175729,1
0.028283063,0.021825649,0.04609333,0.013302082,0.170495967,0.31164857,1
0.131186209,0.043337927,0.217479407,0.040833955,0.031629929,0.539346603,1
0.260549911,0.046359244,0.156659557,0.076819539,0.012874589,0.318189052,1
0.310816035,0.019387635,0.057274093,0.087224207,0.092234672,0.362941554,1
0.271565558,0.004797563,0.050359044,0.022211085,0.026475512,0.653551392,1
0.408018385,0.044489176,0.213434325,0.086652921,0.055572738,0.413948013,1
0.216310518,0.027492467,0.132309342,0.086987684,0.110171841,0.652634608,1
0.262530419,0.038618799,0.098390443,0.023282269,0.018058076,0.429311422,1
0.357918253,0.023826365,0.049861161,0.086709494,0.079920206,0.543449107,1
0.241329263,0.013520775,0.05033783,0.09533267,0.152574568,0.369409278,1
0.12551992,0.016367894,0.097841248,0.085722982,0.107288544,0.280118,1
0.099843413,0.025259373,0.111875785,0.089939663,0.14169479,0.446921193,1
0.576149009,0.021418429,0.090079187,0.021717688,0.079329821,0.307679476,1
0.415930275,0.036495222,0.120240605,0.028705663,0.173980808,0.349700069,1
0.18937194,0.025339027,0.178058041,0.06506074,0.126711157,0.614484325,1
0.52250753,0.050968372,0.149299329,0.018012951,0.057969855,0.504897608,1
0.361903749,0.01717402,0.153632183,0.017642377,0.030521324,0.366885996,1
0.124301058,0.00410131,0.122762395,0.021005932,0.054324323,0.530891194,1
0.122341831,0.054939523,0.048140583,0.033850693,0.157800366,0.232995395,1
0.289241439,0.005107595,0.136353912,0.061734695,0.013065109,0.609911029,1
0.472130137,0.026205523,0.194178529,0.025208638,0.090993567,0.326484464,1
0.093136409,0.00321712,0.184874565,0.065042506,0.176898422,0.316173312,1
0.401486285,0.037182323,0.069390813,0.069647649,0.1455084,0.341669487,1
0.368414175,0.034059768,0.224995306,0.089045553,0.187498108,0.469359819,1
0.311727203,0.037071777,0.090947577,0.028265399,0.159110481,0.553636705,1
0.109085002,0.006085411,0.235564133,0.022574536,0.096524983,0.265794826,1
0.544681876,0.047573985,0.116186899,0.014293963,0.147846745,0.398886782,1
0.41298399,0.00396796,0.126581164,0.014687518,0.025782414,0.518022767,1
0.02173964,0.010898607,0.182557507,0.048017848,0.107612228,0.437577464,1
0.4986743,0.024027868,0.133942565,0.084731829,0.051888705,0.634200291,1
0.505419884,0.040271984,0.166147771,0.077817242,0.099436263,0.505960733,1
0.075002459,0.026707607,0.175194522,0.088362971,0.050593554,0.558531516,1
0.108254058,0.016789468,0.163786898,0.078375374,0.014672254,0.33635129,1
0.051659076,0.018756586,0.120589659,0.071620725,0.025112564,0.574771705,1
0.293141134,0.054912603,0.050725874,0.081428652,0.133479187,0.324056954,1
0.253490986,0.017157143,0.129683851,0.082873803,0.024728521,0.643973893,1
0.308212807,0.016281281,0.203564739,0.091033468,0.040033648,0.269380882,1
0.428784175,0.029043022,0.127002025,0.010682184,0.100031244,0.502855131,1
0.521870178,0.051026591,0.101142424,0.05055803,0.156735548,0.549670901,1
0.389616885,0.025396498,0.23091118,0.061674923,0.153337519,0.643258536,1
0.233694545,0.014841698,0.242331558,0.04031918,0.076290712,0.412072793,1
0.088913469,0.049820192,0.145527911,0.074501937,0.088519088,0.509166985,1
0.330153979,0.052363123,0.119838511,0.025301615,0.02880812,0.262468472,1
0.077712893,0.043098655,0.112158657,0.081126453,0.13576487,0.445097508,1
0.182814036,0.039370506,0.112561227,0.082082698,0.181071116,0.543267741,1
0.062478943,0.00815544,0.107162259,0.096370425,0.088203225,0.463680582,1
0.258238062,0.032556278,0.137291426,0.049566779,0.019568439,0.247605757,1
0.291120932,0.015102219,0.065968863,0.089440172,0.01602737,0.524033966,1
0.200946895,0.047570651,0.246402303,0.041627693,0.020782225,0.38956602,1
0.504653066,0.010315542,0.179501903,0.055965265,0.106864337,0.478192576,1
0.319505218,0.016412246,0.181968162,0.064099527,0.157173613,0.52928672,1
0.429367745,0.031979513,0.065884632,0.042750109,0.040453239,0.315052831,1
0.143624666,0.03326635,0.199548645,0.011962502,0.172381436,0.244403897,1
0.13378435,0.005672882,0.040392543,0.010081137,0.172752592,0.383054534,1
0.478228386,0.014146416,0.096243043,0.090457072,0.110519591,0.413239584,1
0.239971017,0.023688335,0.109917238,0.014189676,0.018854677,0.612226879,1
0.376381349,0.023654418,0.077440426,0.071994553,0.145103358,0.617243889,1
0.354047814,0.012817239,0.15738263,0.016587322,0.163102962,0.609106209,1
0.446700807,0.025659798,0.143840628,0.075766537,0.068483972,0.44435732,1
0.255270994,0.031193553,0.239198937,0.075911142,0.148241483,0.415653654,1
0.343370064,0.004504028,0.079603742,0.073618943,0.060077481,0.664626713,1
0.372468682,0.048580148,0.140833531,0.052013226,0.095839237,0.596474518,1
0.520969291,0.018583445,0.096539093,0.036930253,0.155375083,0.397293828,1
0.220010226,0.02477403,0.215125275,0.09607892,0.016339649,0.392808741,1
0.306793013,0.047196157,0.224805725,0.012526566,0.116760015,0.645069149,1
0.029717979,0.020385764,0.049943635,0.025881492,0.143335398,0.401955836,1
0.554170554,0.017195953,0.166094902,0.063163288,0.04600437,0.552583657,1
0.056637209,0.033421618,0.082698324,0.077366322,0.035630282,0.409161972,1
0.192053482,0.021895261,0.057008284,0.062182892,0.150991251,0.233572856,1
0.445322873,0.024651779,0.05215574,0.055924448,0.015600089,0.616030208,1
0.293449443,0.032300904,0.110207407,0.068004212,0.166489179,0.286045361,1
0.514920388,0.019745861,0.211590115,0.062818501,0.149681587,0.495984668,1
0.24267842,0.04366679,0.233618239,0.018364286,0.104473376,0.259855825,1
0.056818581,0.004400581,0.158776317,0.081607861,0.021713595,0.65531671,1
0.236720121,0.048916033,0.171828024,0.065570283,0.182216703,0.562315535,1
0.396008339,0.034945833,0.248779568,0.083587308,0.113884651,0.485405475,1
0.52987101,0.034797857,0.078067783,0.040404113,0.013132485,0.586301088,1
0.090556895,0.019703582,0.164744208,0.061406662,0.076064783,0.593570576,1
0.259743426,0.013239646,0.090385858,0.072588902,0.154401229,0.653816754,1
0.053427699,0.032525281,0.078061521,0.096939089,0.102891099,0.423684189,1
0.338410497,0.005604405,0.219541358,0.038629077,0.155775046,0.414995632,1
0.538222501,0.039823087,0.199443274,0.041388298,0.145027002,0.578045218,1
0.184266147,0.00767254,0.146217057,0.055074487,0.145231921,0.447185207,1
0.532050024,0.018399279,0.080063908,0.093122365,0.176555713,0.578615188,1
0.393361271,0.018012831,0.207594938,0.050823862,0.042895696,0.498241406,1
0.564216609,0.010623736,0.129794477,0.030696261,0.126856927,0.242802042,1
0.512310468,0.004630056,0.058884952,0.094155745,0.029983626,0.529508394,1
0.30124346,0.003371105,0.168283245,0.063011678,0.123941402,0.637107986,1
0.107965907,0.009346935,0.234000834,0.044741084,0.086525483,0.514851652,1
0.290842826,0.047194299,0.085724899,0.045645857,0.178565353,0.665762126,1
0.554969653,0.030534396,0.056243636,0.020885545,0.169671565,0.599192386,1
0.164159643,0.048202822,0.114152577,0.012159341,0.133768101,0.290932074,1
0.45893389,0.029068634,0.162122022,0.066161301,0.076791049,0.527288324,1
0.237321629,0.005035398,0.095748037,0.01375518,0.062296078,0.280242353,1
0.524529097,0.019374124,0.087313982,0.06015802,0.08116303,0.649950633,1
0.181897682,0.014784088,0.147884997,0.099626993,0.047661863,0.500295987,1
0.196890319,0.04776718,0.131483029,0.079354608,0.048848949,0.361318889,1
0.443318896,0.018484805,0.056220453,0.057539204,0.179936034,0.310156505,1
0.569468565,0.0480939,0.129734716,0.029519653,0.173953261,0.624106023,1
0.252115992,0.052663001,0.178187189,0.015030785,0.110243859,0.405574801,1
0.154984798,0.016849481,0.184782966,0.08318298,0.123548004,0.581748403,1
0.346603944,0.04265545,0.16180738,0.028394575,0.188009051,0.657299147,1
0.219816673,0.047020963,0.172416656,0.08406058,0.085585057,0.245245633,1
0.098506209,0.031020556,0.239305851,0.067103534,0.06880915,0.387059631,1
0.262904151,0.026466887,0.169955138,0.012467418,0.069792903,0.572962453,1
0.179496831,0.054786799,0.1039642,0.040790871,0.026428616,0.535528563,1
0.569022419,0.015061827,0.176551663,0.044007976,0.180796474,0.252396788,1
0.211039925,0.034498521,0.149457584,0.013064178,0.083680062,0.470774087,1
0.239932084,0.009749908,0.207427378,0.07392166,0.021710496,0.545191124,1
0.281876786,0.015923221,0.148043751,0.080996612,0.071021111,0.482064104,1
0.156403343,0.031131884,0.044954968,0.096512174,0.1169216,0.641708445,1
0.071405261,0.049723925,0.145126301,0.070423583,0.156281676,0.269047631,1
0.042607108,0.022246577,0.150961821,0.036858861,0.161529915,0.527578699,1
0.463719471,0.030813443,0.088994828,0.048298314,0.181615849,0.434164015,1
0.348337178,0.030360457,0.185759417,0.039518036,0.08300183,0.332281236,1
0.426464595,0.015841634,0.193174131,0.099009711,0.014011475,0.429877231,1
0.176728572,0.031256737,0.156608172,0.039173625,0.168589096,0.615741201,1
0.509708326,0.042054525,0.074253355,0.089650506,0.09374878,0.655315221,1
0.180190757,0.0421973,0.07372528,0.014318997,0.012422781,0.388638092,1
0.584520678,0.037038325,0.163531766,0.073502789,0.116938569,0.297458512,1
0.080038658,0.031418963,0.121896735,0.018985057,0.175475819,0.398727884,1
0.263105914,0.048133837,0.166982865,0.049229527,0.05621949,0.435757574,1
0.415774329,0.042753105,0.151916729,0.012710377,0.125255722,0.570888636,1
0.030883395,0.05077165,0.085363991,0.06800328,0.089974594,0.356234741,1
0.554467837,0.036858535,0.099773406,0.046056784,0.017550921,0.571508182,1
0.525661454,0.042636239,0.133114757,0.046837247,0.110385978,0.618775933,1
0.269560435,0.006727652,0.062752281,0.060669519,0.164780162,0.638892547,1
0.153863198,0.003010129,0.2136866,0.097813409,0.012626035,0.369436113,1
0.550292913,0.049453003,0.162319438,0.053550659,0.044531337,0.281888987,1
0.178826998,0.027080161,0.102055143,0.045192658,0.061084578,0.556201441,1
0.452461505,0.04436206,0.107702766,0.02226442,0.110988434,0.431561135,1
0.383703054,0.01433659,0.198077613,0.065822718,0.056991712,0.512941913,1
0.021244332,0.02631175,0.244035486,0.081212692,0.079997884,0.488062891,1
0.169216098,0.037864738,0.044619294,0.064216405,0.027623656,0.404050357,1
0.484253485,0.011868116,0.07332138,0.042046184,0.027727828,0.574741667,1
0.048500885,0.022549569,0.244155734,0.074143874,0.020517943,0.44770564,1
0.083030528,0.040808318,0.211153558,0.087669251,0.036520516,0.424478809,1
0.1236506,0.019395886,0.064569877,0.087199516,0.058545335,0.636500531,1
0.164927785,0.03538127,0.221592085,0.053533168,0.119241983,0.547821685,1
0.306587669,0.005806342,0.169420056,0.069782565,0.180228871,0.457329537,1
0.478940156,0.022138064,0.177297943,0.067128549,0.056951439,0.328672424,1
0.105761385,0.020044389,0.242208513,0.052114861,0.181111011,0.576640811,1
0.14465218,0.052886541,0.057901871,0.089737946,0.176842141,0.362775323,1
0.097061739,0.042395677,0.182146931,0.051513656,0.149739839,0.588927831,1
0.148782317,0.03767188,0.073749488,0.032642994,0.054091799,0.507578524,1
0.270965248,0.008128596,0.154438683,0.07695723,0.123171843,0.253117647,1
0.482202814,0.034771371,0.0658917,0.066098126,0.143325581,0.326231774,1
0.137551941,0.004571606,0.136005113,0.077701232,0.159835411,0.371948974,1
0.235877959,0.03281535,0.124653534,0.035246733,0.104866638,0.248750897,1
0.308100789,0.047958469,0.047533182,0.084426714,0.156491699,0.39825897,1
0.587842954,0.005321822,0.135371741,0.029340835,0.166977433,0.548207751,1
0.033426365,0.027077483,0.179826053,0.052547401,0.112616274,0.511357259,1
0.580012383,0.008983757,0.200950116,0.098690191,0.064230377,0.517261045,1
0.510465191,0.046077281,0.216847426,0.08040616,0.119492445,0.61677049,1
0.575416469,0.023927759,0.141343904,0.016393343,0.178164792,0.304153671,1
0.54480296,0.039501363,0.195429305,0.051313968,0.159015257,0.605016855,1
0.288919884,0.032328264,0.202820173,0.028432748,0.038019001,0.509955178,1
0.431711454,0.022845416,0.086226631,0.099094513,0.019229514,0.505725112,1
0.280270731,0.029243585,0.041566767,0.067447059,0.086038146,0.454354335,1
0.267153376,0.054269758,0.059402902,0.029138441,0.091274811,0.453759887,1
0.26710015,0.054052826,0.118889908,0.054991764,0.063328778,0.636811096,1
0.088120948,0.016596495,0.215617695,0.085092093,0.096987878,0.563203995,1
0.033092241,0.048997862,0.042244182,0.044561815,0.114795001,0.404250713,1
0.558403232,0.024947987,0.214562993,0.064021101,0.010892031,0.24461921,1
0.32756984,0.005729007,0.2368105,0.090544312,0.083712533,0.545196752,1
0.077432435,0.025038833,0.142298704,0.021884468,0.107960156,0.259499302,1
0.535416373,0.027142256,0.222248501,0.034470515,0.036081824,0.397099063,1
0.039006317,0.049909997,0.088455965,0.047330977,0.166367888,0.642290036,1
0.035582704,0.052431045,0.105387142,0.021542118,0.137774058,0.494559361,1
0.127745348,0.020492339,0.087563165,0.08846566,0.01921443,0.336855086,1
0.370109613,0.015200523,0.145165562,0.059138999,0.183375275,0.27934782,1
0.227640336,0.040320631,0.221827519,0.051424856,0.130874211,0.288939337,1
0.316922835,0.033117888,0.0976121,0.060124764,0.049205003,0.506077434,1
0.160152675,0.005625856,0.059169371,0.099143284,0.063951849,0.618871837,1
0.126084694,0.011214875,0.189298655,0.035001763,0.097217797,0.621816983,1
0.264475193,0.053874562,0.172007517,0.028512831,0.040068954,0.375083384,1
0.130417213,0.003801077,0.23092525,0.062611026,0.168528525,0.378828948,1
0.044362728,0.013477245,0.160243312,0.029450831,0.03406538,0.558773331,1
0.04311874,0.026238382,0.045499517,0.093416114,0.049735969,0.245260852,1
0.027300294,0.047848548,0.090614098,0.03010075,0.063004899,0.547278405,1
0.380887825,0.050622304,0.145340859,0.061131356,0.074198085,0.342294104,1
0.443608008,0.025629537,0.042317643,0.066408222,0.135563088,0.337879656,1
0.196539961,0.042973206,0.151542029,0.098633608,0.149993706,0.28377542,1
0.14633085,0.045065958,0.120141283,0.099702541,0.039309546,0.408416553,1
0.129519552,0.041634581,0.182910231,0.061954098,0.152780942,0.484569896,1
0.155202782,0.012310139,0.235062147,0.064897318,0.078803526,0.488233296,1
0.356338671,0.005058385,0.209316605,0.069850671,0.044382203,0.3827935,1
0.493548873,0.043790782,0.14707673,0.032564029,0.112777529,0.605037566,1
0.161960849,0.034813879,0.100505497,0.058725193,0.010397438,0.391353475,1
0.40632794,0.028265386,0.12505497,0.095701826,0.123809635,0.272196162,1
0.267632854,0.047029391,0.211041559,0.051306882,0.035371065,0.404767179,1
0.561755042,0.045133036,0.100813562,0.038208976,0.141426277,0.493266758,1
0.11601968,0.027097544,0.060314185,0.022526846,0.143500299,0.236643848,1
0.488402168,0.008258653,0.211613505,0.037608071,0.109004384,0.330098172,1
0.482008317,0.035792052,0.129389676,0.05983191,0.132141096,0.395166129,1
0.261658775,0.016666835,0.170350897,0.034174914,0.144510142,0.234087803,1
0.245699337,0.025914376,0.06170645,0.080165891,0.166478007,0.643182171,1
0.133711972,0.032939486,0.212420548,0.042889013,0.098625917,0.372840688,1
0.467130962,0.054020241,0.152360588,0.077253094,0.158498842,0.388757291,1
0.354425851,0.004597365,0.111265045,0.051067031,0.139903596,0.316421494,1
0.328236989,0.045815405,0.129402785,0.036913762,0.110349675,0.528890942,1
0.187549148,0.017168002,0.083236214,0.042350153,0.163768503,0.377668522,1
0.38399363,0.008882198,0.224812682,0.055610012,0.056044913,0.622744522,1
0.144779152,0.039200816,0.155043881,0.078089245,0.135925857,0.27209539,1
0.53066099,0.050327112,0.076023148,0.079716914,0.015238835,0.509212741,1
0.020797665,0.037497995,0.169180115,0.060388268,0.142612943,0.573270333,1
0.285720726,0.046510378,0.115083869,0.030741522,0.060612316,0.428269059,1
0.074660232,0.029677669,0.071642575,0.017267752,0.014978924,0.334495849,1
0.102271628,0.027786527,0.124855007,0.065433468,0.079531893,0.353506868,1
0.45709742,0.052143911,0.057626072,0.06698388,0.171855401,0.54261291,1
0.513576574,0.005205348,0.133182174,0.071908282,0.105452178,0.253617548,1
0.424661798,0.035460115,0.046716693,0.035985501,0.029391065,0.530253934,1
0.140725698,0.027679672,0.052784448,0.093504775,0.09177513,0.634680054,1
0.236528739,0.032786585,0.088461446,0.020122683,0.048695815,0.532429341,1
0.500375009,0.004724849,0.17826978,0.011966151,0.142786405,0.416206049,1
0.101349534,0.046689363,0.108916409,0.075266295,0.117262251,0.359161403,1
0.543412163,0.025977052,0.136343354,0.030177031,0.178097058,0.516192279,1
0.500545773,0.034336643,0.180674656,0.011631084,0.070454615,0.580480998,1
0.341466026,0.011638678,0.040057999,0.056075812,0.07919592,0.462945109,1
0.348542217,0.0236175,0.208527242,0.08385978,0.022171786,0.242888447,1
0.529185718,0.037134693,0.077070342,0.017706828,0.134474271,0.661964137,1
0.580684721,0.015210804,0.053233667,0.083799202,0.089446765,0.467692629,1
0.42061703,0.037115917,0.047585722,0.073370125,0.012965407,0.600587271,1
0.052955171,0.020333652,0.108546982,0.037556955,0.11295642,0.238045799,1
0.362424684,0.04519386,0.183233604,0.042931651,0.139235257,0.289663218,1
0.324195955,0.020089032,0.152419438,0.030197436,0.081163229,0.543934674,1
0.448357556,0.050636415,0.121832635,0.044200002,0.152658859,0.380291712,1
0.102956908,0.05147574,0.099406102,0.056597812,0.088585872,0.645481922,1
0.08313014,0.003593249,0.233754945,0.096156719,0.066715016,0.582951099,1
0.539140794,0.039490236,0.178896528,0.048104348,0.088203555,0.642834035,1
0.271155446,0.046962599,0.241594788,0.064132888,0.172082027,0.631041126,1
0.187113561,0.016623488,0.093779982,0.016807224,0.022509861,0.628818354,1
0.167522559,0.046624767,0.060760825,0.064332745,0.077414308,0.41353429,1
0.171401545,0.025170108,0.212468736,0.066333001,0.158758671,0.621198838,1
0.138031849,0.037722781,0.243253579,0.021628178,0.017823042,0.438329361,1
0.284877537,0.051450767,0.221710508,0.094123404,0.053382435,0.30818409,1
0.461733693,0.043627134,0.213883535,0.017044957,0.115207187,0.54320939,1
0.330865232,0.007895629,0.24683723,0.028481982,0.023525116,0.421731009,1
0.572080535,0.033109279,0.240740087,0.038079854,0.098343553,0.549568916,1
0.419067568,0.035157484,0.106152096,0.038450555,0.122010868,0.316527472,1
0.343364766,0.016996288,0.069189355,0.081433314,0.131682463,0.290220814,1
0.489966113,0.031175911,0.127136644,0.058125304,0.035304105,0.562926625,1
0.255407174,0.022224357,0.137708098,0.076805375,0.114858798,0.434660573,1
0.441593538,0.024417216,0.185472772,0.042890803,0.186757649,0.37072202,1
0.507994405,0.012436172,0.080473994,0.07466591,0.110177106,0.497218615,1
0.408316014,0.025056877,0.221597542,0.096497931,0.079586212,0.496989723,1
0.366946857,0.038118206,0.053354165,0.050584196,0.069136245,0.463450662,1
0.238465815,0.004799457,0.065524375,0.019945409,0.167961783,0.507025912,1
0.467896209,0.05151897,0.10521743,0.02072387,0.010603312,0.279753049,1
0.326268032,0.045530545,0.224070759,0.046367779,0.10405846,0.654730958,1
0.410956642,0.038738694,0.076747953,0.05081758,0.132882905,0.357791873,1
0.456509536,0.012825465,0.214206813,0.057169123,0.183356166,0.621301984,1
0.186051903,0.044915875,0.050896004,0.047777547,0.092191967,0.606615515,1
0.303359105,0.044482833,0.133891074,0.026536668,0.142672181,0.546744691,1
0.123883052,0.013414101,0.215468886,0.048051867,0.11579533,0.443178655,1
0.549065286,0.021612726,0.172060779,0.04697318,0.081217029,0.465055997,1
0.490078759,0.023459064,0.072058265,0.077602545,0.105724028,0.433460075,1
0.158267017,0.039084829,0.094755811,0.077740006,0.187517075,0.625925652,1
0.429477727,0.034716637,0.196978614,0.083371911,0.064065377,0.254072887,1
0.560139382,0.003826061,0.14143098,0.051640399,0.173155627,0.254139388,1
0.215579067,0.028363067,0.056877436,0.062032284,0.054371649,0.646254886,1
0.468624268,0.053405403,0.101183532,0.014122519,0.180406464,0.569090795,1
0.450948965,0.02649197,0.120123643,0.06827109,0.142228795,0.650877092,1
0.374044364,0.005947746,0.139669118,0.013380558,0.133297891,0.431905684,1
0.502018582,0.040963961,0.054118142,0.073761337,0.052589008,0.537019464,1
0.434185225,0.009512811,0.062037238,0.069172468,0.167254667,0.292139716,1
0.094180429,0.01745932,0.220772142,0.015304218,0.057346816,0.523012725,1
0.528657923,0.042184275,0.192822122,0.067093302,0.113445971,0.523372011,1
0.404747006,0.012372887,0.196822253,0.017019713,0.176574165,0.636147515,1
0.214936338,0.046880919,0.243142672,0.094108603,0.084292035,0.453983838,1
0.301209291,0.042858995,0.188055293,0.03058875,0.020447685,0.645890742,1
0.198438012,0.003899772,0.139150282,0.052378629,0.112774959,0.529828215,1
0.363017845,0.051939545,0.053849455,0.047516988,0.06811241,0.587953674,1
0.513476048,0.023419019,0.112733369,0.035482077,0.179959672,0.429423174,1
0.205154851,0.005066691,0.071417367,0.047460528,0.04141993,0.473202941,1
0.091431928,0.0051136,0.176017946,0.097151465,0.127087341,0.525939538,1
0.219309074,0.02604937,0.19509811,0.067941664,0.17432954,0.547040481,1
0.311460993,0.054786573,0.248775715,0.091240086,0.134660017,0.481238447,1
0.209211843,0.016664639,0.080551617,0.021829238,0.154975341,0.539416785,1
0.513279083,0.052960936,0.205073138,0.051222891,0.155912875,0.647152655,1
0.239809111,0.041466305,0.123155387,0.047234123,0.124408617,0.590599387,1
0.507198598,0.016048154,0.13324465,0.095660822,0.171665244,0.493645441,1
0.26445664,0.013557499,0.076484264,0.068645713,0.161711264,0.398636642,1
0.575750798,0.012856424,0.071767172,0.033853447,0.15905688,0.345353557,1
0.208733765,0.022337038,0.053027933,0.068875442,0.091453174,0.525963465,1
0.315543507,0.052646721,0.100666314,0.024300921,0.100500712,0.451190936,1
0.524994645,0.031136669,0.187172793,0.066491762,0.026462585,0.281546085,1
0.139731223,0.014043907,0.041958532,0.052550065,0.083646491,0.637997558,1
0.298156641,0.040398,0.08213983,0.097191601,0.090441423,0.568955361,1
0.526897723,0.029797721,0.099568696,0.092631594,0.1887484,0.617611665,1
